37900,2016,7465,https://www.icarros.com.br/comprar/belo-horizonte-mg/chevrolet/onix/2016/d19609908
39900,2016,13000,https://www.icarros.com.br/comprar/sao-jose-sc/chevrolet/onix/2016/d19442507
37990,2015,21000,https://www.icarros.com.br/comprar/rio-das-ostras-rj/chevrolet/onix/2016/d19534963
36900,2015,21768,https://www.icarros.com.br/comprar/juiz-de-fora-mg/chevrolet/onix/2016/d19123121
37900,2016,22000,https://www.icarros.com.br/comprar/rio-de-janeiro-rj/chevrolet/onix/2016/d19744468
37990,2016,22000,https://www.icarros.com.br/comprar/belo-horizonte-mg/chevrolet/onix/2016/d18409884
36000,2016,23611,https://www.icarros.com.br/comprar/sao-paulo-sp/chevrolet/onix/2016/d19402919
36000,2016,25600,https://www.icarros.com.br/comprar/recife-pe/chevrolet/onix/2016/d18554394
39950,2016,25689,https://www.icarros.com.br/comprar/curitiba-pr/chevrolet/onix/2016/d19446538
36900,2015,25978,https://www.icarros.com.br/comprar/curitiba-pr/chevrolet/onix/2016/d19323309
36990,2016,28000,https://www.icarros.com.br/comprar/campinas-sp/chevrolet/onix/2016/d19636261
35900,2015,29000,https://www.icarros.com.br/comprar/recife-pe/chevrolet/onix/2016/d19438941
37860,2016,29317,https://www.icarros.com.br/comprar/belo-horizonte-mg/chevrolet/onix/2016/d19514180
39000,2016,29700,https://www.icarros.com.br/comprar/osasco-sp/chevrolet/onix/2016/d19261864
35900,2016,30355,https://www.icarros.com.br/comprar/salvador-ba/chevrolet/onix/2016/d19743834
42800,2015,33654,https://www.icarros.com.br/comprar/cascavel-pr/chevrolet/onix/2016/d17910344
36990,2016,34000,https://www.icarros.com.br/comprar/campinas-sp/chevrolet/onix/2016/d19636293
37900,2016,34300,https://www.icarros.com.br/comprar/goiania-go/chevrolet/onix/2016/d19679464
35500,2016,35000,https://www.icarros.com.br/comprar/guarulhos-sp/chevrolet/onix/2016/d18350023
38900,2016,35344,https://www.icarros.com.br/comprar/petrolina-pe/chevrolet/onix/2016/d18764040
35500,2016,37000,https://www.icarros.com.br/comprar/niteroi-rj/chevrolet/onix/2016/d18685309
36890,2016,39990,https://www.icarros.com.br/comprar/sao-paulo-sp/chevrolet/onix/2016/d18586546
35490,2016,40238,https://www.icarros.com.br/comprar/paulinia-sp/chevrolet/onix/2016/d19594988
35490,2016,40238,https://www.icarros.com.br/comprar/campinas-sp/chevrolet/onix/2016/d19594979
38990,2016,41236,https://www.icarros.com.br/comprar/araraquara-sp/chevrolet/onix/2016/d18480354
36900,2016,41745,https://www.icarros.com.br/comprar/aparecida-de-goiania-go/chevrolet/onix/2016/d19613136
36900,2016,41819,https://www.icarros.com.br/comprar/londrina-pr/chevrolet/onix/2016/d19744688
36900,2015,43600,https://www.icarros.com.br/comprar/sao-paulo-sp/chevrolet/onix/2016/d19237797
35890,2016,43928,https://www.icarros.com.br/comprar/sao-paulo-sp/chevrolet/onix/2016/d19668416
37800,2015,44000,https://www.icarros.com.br/comprar/sao-paulo-sp/chevrolet/onix/2016/d19243923
34980,2016,45000,https://www.icarros.com.br/comprar/rio-de-janeiro-rj/chevrolet/onix/2016/d18751962
40400,2015,46088,https://www.icarros.com.br/comprar/curitiba-pr/chevrolet/onix/2016/d19642249
37900,2016,46256,https://www.icarros.com.br/comprar/porto-alegre-rs/chevrolet/onix/2016/d19117712
36900,2016,46280,https://www.icarros.com.br/comprar/aparecida-de-goiania-go/chevrolet/onix/2016/d19696806
35530,2016,47871,https://www.icarros.com.br/comprar/niteroi-rj/chevrolet/onix/2016/d19668979
39900,2015,48131,https://www.icarros.com.br/comprar/itajai-sc/chevrolet/onix/2016/d19103298
37900,2015,48765,https://www.icarros.com.br/comprar/sao-vicente-sp/chevrolet/onix/2016/d19354885
36500,2015,49951,https://www.icarros.com.br/comprar/anapolis-go/chevrolet/onix/2016/d19800614
36790,2015,51950,https://www.icarros.com.br/comprar/sao-paulo-sp/chevrolet/onix/2016/d19282928
36790,2015,51950,https://www.icarros.com.br/comprar/sao-paulo-sp/chevrolet/onix/2016/d19282923
36790,2015,51950,https://www.icarros.com.br/comprar/sao-paulo-sp/chevrolet/onix/2016/d19282919
37900,2016,54000,https://www.icarros.com.br/comprar/toledo-pr/chevrolet/onix/2016/d19438551
36900,2015,54600,https://www.icarros.com.br/comprar/guarulhos-sp/chevrolet/onix/2016/d19024992
33990,2015,58222,https://www.icarros.com.br/comprar/sao-paulo-sp/chevrolet/onix/2016/d19567257
39900,2016,61830,https://www.icarros.com.br/comprar/sorocaba-sp/chevrolet/onix/2016/d19423072
34900,2015,65000,https://www.icarros.com.br/comprar/teresina-pi/chevrolet/onix/2016/d19071819
39900,2015,68535,https://www.icarros.com.br/comprar/itajai-sc/chevrolet/onix/2016/d19103324
38953,2015,69937,https://www.icarros.com.br/comprar/sao-paulo-sp/chevrolet/onix/2016/d17592420
37850,2015,72421,https://www.icarros.com.br/comprar/curitiba-pr/chevrolet/onix/2016/d19446532
37990,2016,72656,https://www.icarros.com.br/comprar/sertaozinho-sp/chevrolet/onix/2016/d17617891
36990,2016,73000,https://www.icarros.com.br/comprar/sao-paulo-sp/chevrolet/onix/2016/d19723826
33990,2016,73100,https://www.icarros.com.br/comprar/sao-paulo-sp/chevrolet/onix/2016/d19507147
33990,2016,73100,https://www.icarros.com.br/comprar/sao-paulo-sp/chevrolet/onix/2016/d19507149
33990,2016,73100,https://www.icarros.com.br/comprar/sao-paulo-sp/chevrolet/onix/2016/d19507145
37990,2016,74000,https://www.icarros.com.br/comprar/recife-pe/chevrolet/onix/2016/d18831916
35130,2016,75224,https://www.icarros.com.br/comprar/rio-de-janeiro-rj/chevrolet/onix/2016/d19683065
28720,2015,100,https://www.icarros.com.br/comprar/sao-joao-de-meriti-rj/chevrolet/onix/2015/d19576119
28720,2015,100,https://www.icarros.com.br/comprar/sao-joao-de-meriti-rj/chevrolet/onix/2015/d19576130
31000,2015,25000,https://www.icarros.com.br/comprar/santos-sp/chevrolet/onix/2015/d18768653
34990,2014,29000,https://www.icarros.com.br/comprar/marilia-sp/chevrolet/onix/2015/d19796370
35990,2015,30000,https://www.icarros.com.br/comprar/sao-goncalo-rj/chevrolet/onix/2015/d18281148
37990,2014,31000,https://www.icarros.com.br/comprar/campinas-sp/chevrolet/onix/2015/d19507278
35990,2014,33963,https://www.icarros.com.br/comprar/mogi-das-cruzes-sp/chevrolet/onix/2015/d18854680
35900,2014,34000,https://www.icarros.com.br/comprar/florianopolis-sc/chevrolet/onix/2015/d19573312
33000,2014,35000,https://www.icarros.com.br/comprar/sao-paulo-sp/chevrolet/onix/2015/d19273436
34800,2015,36300,https://www.icarros.com.br/comprar/atibaia-sp/chevrolet/onix/2015/d18954796
35990,2015,37036,https://www.icarros.com.br/comprar/sumare-sp/chevrolet/onix/2015/d19589703
34500,2014,37388,https://www.icarros.com.br/comprar/salvador-ba/chevrolet/onix/2015/d19743699
35900,2014,38200,https://www.icarros.com.br/comprar/sao-paulo-sp/chevrolet/onix/2015/d19775089
34990,2014,39419,https://www.icarros.com.br/comprar/rio-de-janeiro-rj/chevrolet/onix/2015/d19623458
37990,2014,39820,https://www.icarros.com.br/comprar/sao-bernardo-do-campo-sp/chevrolet/onix/2015/d18787819
39990,2014,40334,https://www.icarros.com.br/comprar/franca-sp/chevrolet/onix/2015/d18624203
35900,2015,41295,https://www.icarros.com.br/comprar/natal-rn/chevrolet/onix/2015/d18049432
33900,2014,42000,https://www.icarros.com.br/comprar/sao-paulo-sp/chevrolet/onix/2015/d19350850
34990,2014,42903,https://www.icarros.com.br/comprar/salvador-ba/chevrolet/onix/2015/d19347615
34900,2014,43900,https://www.icarros.com.br/comprar/sao-paulo-sp/chevrolet/onix/2015/d19705131
33990,2014,44000,https://www.icarros.com.br/comprar/sao-paulo-sp/chevrolet/onix/2015/d19286553
33000,2015,44200,https://www.icarros.com.br/comprar/sao-paulo-sp/chevrolet/onix/2015/d19274189
35000,2015,47000,https://www.icarros.com.br/comprar/guaranta-do-norte-mt/chevrolet/onix/2015/d15254144
36990,2014,47000,https://www.icarros.com.br/comprar/vila-velha-es/chevrolet/onix/2015/d19331308
29999,2015,48000,https://www.icarros.com.br/comprar/sao-paulo-sp/chevrolet/onix/2015/d19634321
35990,2014,50500,https://www.icarros.com.br/comprar/recife-pe/chevrolet/onix/2015/d18666414
34900,2014,50800,https://www.icarros.com.br/comprar/sao-caetano-do-sul-sp/chevrolet/onix/2015/d18515560
34900,2015,51000,https://www.icarros.com.br/comprar/betim-mg/chevrolet/onix/2015/d19769484
34900,2015,51000,https://www.icarros.com.br/comprar/contagem-mg/chevrolet/onix/2015/d19722996
34900,2014,51000,https://www.icarros.com.br/comprar/ipatinga-mg/chevrolet/onix/2015/d19621171
35990,2014,51600,https://www.icarros.com.br/comprar/ribeirao-preto-sp/chevrolet/onix/2015/d19719255
33990,2014,51699,https://www.icarros.com.br/comprar/varzea-grande-mt/chevrolet/onix/2015/d19094886
29900,2014,52000,https://www.icarros.com.br/comprar/rio-de-janeiro-rj/chevrolet/onix/2015/d17907383
34900,2014,55000,https://www.icarros.com.br/comprar/sao-paulo-sp/chevrolet/onix/2015/d19295300
38900,2014,55000,https://www.icarros.com.br/comprar/sao-paulo-sp/chevrolet/onix/2015/d19578649
35500,2015,56670,https://www.icarros.com.br/comprar/fortaleza-ce/chevrolet/onix/2015/d19364434
34900,2014,57000,https://www.icarros.com.br/comprar/atibaia-sp/chevrolet/onix/2015/d19679306
36990,2014,57100,https://www.icarros.com.br/comprar/recife-pe/chevrolet/onix/2015/d18207113
31890,2014,57900,https://www.icarros.com.br/comprar/belem-pa/chevrolet/onix/2015/d19433588
30980,2014,58000,https://www.icarros.com.br/comprar/rio-de-janeiro-rj/chevrolet/onix/2015/d18888962
35900,2015,58000,https://www.icarros.com.br/comprar/louveira-sp/chevrolet/onix/2015/d18514733
36900,2015,58000,https://www.icarros.com.br/comprar/osasco-sp/chevrolet/onix/2015/d18180992
37890,2015,58000,https://www.icarros.com.br/comprar/santos-sp/chevrolet/onix/2015/d19613573
37890,2015,58000,https://www.icarros.com.br/comprar/praia-grande-sp/chevrolet/onix/2015/d19613574
37890,2015,58000,https://www.icarros.com.br/comprar/santos-sp/chevrolet/onix/2015/d19613572
37900,2014,59000,https://www.icarros.com.br/comprar/gravatai-rs/chevrolet/onix/2015/d18210348
34900,2014,59371,https://www.icarros.com.br/comprar/goiania-go/chevrolet/onix/2015/d19780457
33990,2015,60300,https://www.icarros.com.br/comprar/brasilia-df/chevrolet/onix/2015/d19608704
32990,2014,60749,https://www.icarros.com.br/comprar/salvador-ba/chevrolet/onix/2015/d19771460
33800,2015,61000,https://www.icarros.com.br/comprar/osasco-sp/chevrolet/onix/2015/d14099585
34900,2014,61157,https://www.icarros.com.br/comprar/santo-andre-sp/chevrolet/onix/2015/d17636437
35990,2015,62956,https://www.icarros.com.br/comprar/porto-alegre-rs/chevrolet/onix/2015/d14237730
34900,2015,64298,https://www.icarros.com.br/comprar/anapolis-go/chevrolet/onix/2015/d19411699
33990,2014,64789,https://www.icarros.com.br/comprar/recife-pe/chevrolet/onix/2015/d19692802
32900,2014,65000,https://www.icarros.com.br/comprar/manaus-am/chevrolet/onix/2015/d19164557
33800,2015,65000,https://www.icarros.com.br/comprar/belo-horizonte-mg/chevrolet/onix/2015/d19303845
35900,2015,70071,https://www.icarros.com.br/comprar/sao-paulo-sp/chevrolet/onix/2015/d19058297
34980,2014,74000,https://www.icarros.com.br/comprar/rio-de-janeiro-rj/chevrolet/onix/2015/d19477567
35900,2014,77027,https://www.icarros.com.br/comprar/sao-paulo-sp/chevrolet/onix/2015/d19035858
33990,2014,78700,https://www.icarros.com.br/comprar/campinas-sp/chevrolet/onix/2015/d19419904
34900,2014,80000,https://www.icarros.com.br/comprar/castanhal-pa/chevrolet/onix/2015/d18725405
34900,2014,80000,https://www.icarros.com.br/comprar/paragominas-pa/chevrolet/onix/2015/d18685908
37899,2014,80000,https://www.icarros.com.br/comprar/santo-andre-sp/chevrolet/onix/2015/d19553190
35900,2015,82324,https://www.icarros.com.br/comprar/ribeirao-preto-sp/chevrolet/onix/2015/d19305231
32990,2014,82912,https://www.icarros.com.br/comprar/santos-sp/chevrolet/onix/2015/d17802627
35900,2015,84000,https://www.icarros.com.br/comprar/fortaleza-ce/chevrolet/onix/2015/d19592258
33990,2014,103332,https://www.icarros.com.br/comprar/sao-paulo-sp/chevrolet/onix/2015/d19454980
31990,2014,110193,https://www.icarros.com.br/comprar/sao-paulo-sp/chevrolet/onix/2015/d19702135
34800,2015,111039,https://www.icarros.com.br/comprar/guaratingueta-sp/chevrolet/onix/2015/d19421259
36800,2013,100,https://www.icarros.com.br/comprar/capinzal-sc/chevrolet/onix/2014/d19757772
30000,2014,28794,https://www.icarros.com.br/comprar/bauru-sp/chevrolet/onix/2014/d19297108
38900,2013,30000,https://www.icarros.com.br/comprar/curitiba-pr/chevrolet/onix/2014/d19545339
35500,2014,32399,https://www.icarros.com.br/comprar/londrina-pr/chevrolet/onix/2014/d19446271
32900,2014,33000,https://www.icarros.com.br/comprar/rio-de-janeiro-rj/chevrolet/onix/2014/d18892661
30890,2014,38500,https://www.icarros.com.br/comprar/sao-paulo-sp/chevrolet/onix/2014/d19412334
31990,2013,42000,https://www.icarros.com.br/comprar/sao-paulo-sp/chevrolet/onix/2014/d18767752
34900,2014,42000,https://www.icarros.com.br/comprar/rio-de-janeiro-rj/chevrolet/onix/2014/d18772920
33900,2014,42357,https://www.icarros.com.br/comprar/santos-sp/chevrolet/onix/2014/d19800729
33500,2013,48000,https://www.icarros.com.br/comprar/blumenau-sc/chevrolet/onix/2014/d15292254
35920,2013,48200,https://www.icarros.com.br/comprar/sao-paulo-sp/chevrolet/onix/2014/d17265622
33900,2013,48211,https://www.icarros.com.br/comprar/curitiba-pr/chevrolet/onix/2014/d19678504
32500,2014,48216,https://www.icarros.com.br/comprar/santo-andre-sp/chevrolet/onix/2014/d19699587
32900,2014,49000,https://www.icarros.com.br/comprar/goiania-go/chevrolet/onix/2014/d19746697
30900,2014,49740,https://www.icarros.com.br/comprar/carpina-pe/chevrolet/onix/2014/d19271039
32990,2013,49943,https://www.icarros.com.br/comprar/sao-bernardo-do-campo-sp/chevrolet/onix/2014/d19456247
29900,2013,50182,https://www.icarros.com.br/comprar/belo-horizonte-mg/chevrolet/onix/2014/d19273996
34990,2014,51434,https://www.icarros.com.br/comprar/sao-luis-ma/chevrolet/onix/2014/d19447314
34900,2013,54000,https://www.icarros.com.br/comprar/sao-paulo-sp/chevrolet/onix/2014/d19315076
35490,2013,54100,https://www.icarros.com.br/comprar/campinas-sp/chevrolet/onix/2014/d19507275
33950,2014,61000,https://www.icarros.com.br/comprar/sao-paulo-sp/chevrolet/onix/2014/d19399241
31100,2014,63125,https://www.icarros.com.br/comprar/goiania-go/chevrolet/onix/2014/d19491266
29900,2014,65026,https://www.icarros.com.br/comprar/rio-de-janeiro-rj/chevrolet/onix/2014/d19458666
30900,2013,70000,https://www.icarros.com.br/comprar/sao-paulo-sp/chevrolet/onix/2014/d19592392
29900,2013,75390,https://www.icarros.com.br/comprar/belo-horizonte-mg/chevrolet/onix/2014/d19778728
29900,2013,76709,https://www.icarros.com.br/comprar/sao-paulo-sp/chevrolet/onix/2014/d19058340
32000,2014,77000,https://www.icarros.com.br/comprar/ferraz-de-vasconcelos-sp/chevrolet/onix/2014/d18688359
32900,2013,80000,https://www.icarros.com.br/comprar/jundiai-sp/chevrolet/onix/2014/d17429644
32900,2013,80586,https://www.icarros.com.br/comprar/curitiba-pr/chevrolet/onix/2014/d19391783
32900,2013,80613,https://www.icarros.com.br/comprar/curitiba-pr/chevrolet/onix/2014/d19391771
32500,2014,82870,https://www.icarros.com.br/comprar/franca-sp/chevrolet/onix/2014/d19613608
34500,2013,86407,https://www.icarros.com.br/comprar/sao-paulo-sp/chevrolet/onix/2014/d19058315
32900,2013,87159,https://www.icarros.com.br/comprar/taboao-da-serra-sp/chevrolet/onix/2014/d19609928
37990,2013,90637,https://www.icarros.com.br/comprar/sorocaba-sp/chevrolet/onix/2014/d19746193
32990,2013,91000,https://www.icarros.com.br/comprar/sarandi-pr/chevrolet/onix/2014/d19257031
28990,2013,94600,https://www.icarros.com.br/comprar/taubate-sp/chevrolet/onix/2014/d19399165
33000,2014,102500,https://www.icarros.com.br/comprar/florianopolis-sc/chevrolet/onix/2014/d18866622
32900,2013,109000,https://www.icarros.com.br/comprar/brasilia-df/chevrolet/onix/2014/d19574026
34900,2014,110600,https://www.icarros.com.br/comprar/sorocaba-sp/chevrolet/onix/2014/d19477673
28990,2013,130000,https://www.icarros.com.br/comprar/santo-andre-sp/chevrolet/onix/2014/d19242976
34900,2013,100,https://www.icarros.com.br/comprar/jundiai-sp/chevrolet/onix/2013/d19435207
32990,2013,34000,https://www.icarros.com.br/comprar/recife-pe/chevrolet/onix/2013/d19726337
29900,2013,44000,https://www.icarros.com.br/comprar/sao-paulo-sp/chevrolet/onix/2013/d19288191
29900,2013,44000,https://www.icarros.com.br/comprar/sao-paulo-sp/chevrolet/onix/2013/d19556597
31800,2013,47000,https://www.icarros.com.br/comprar/sao-paulo-sp/chevrolet/onix/2013/d18660550
29990,2012,48000,https://www.icarros.com.br/comprar/sao-paulo-sp/chevrolet/onix/2013/d18627196
26990,2013,53000,https://www.icarros.com.br/comprar/sao-paulo-sp/chevrolet/onix/2013/d19734828
31000,2013,58000,https://www.icarros.com.br/comprar/belo-horizonte-mg/chevrolet/onix/2013/d15278905
34900,2013,59000,https://www.icarros.com.br/comprar/ponta-grossa-pr/chevrolet/onix/2013/d18605186
33900,2013,60000,https://www.icarros.com.br/comprar/rio-de-janeiro-rj/chevrolet/onix/2013/d19799909
32999,2012,63108,https://www.icarros.com.br/comprar/osasco-sp/chevrolet/onix/2013/d19090248
29900,2012,65000,https://www.icarros.com.br/comprar/osasco-sp/chevrolet/onix/2013/d19664169
29799,2012,66000,https://www.icarros.com.br/comprar/osasco-sp/chevrolet/onix/2013/d19443194
28900,2013,66193,https://www.icarros.com.br/comprar/sao-paulo-sp/chevrolet/onix/2013/d19752738
33919,2012,66829,https://www.icarros.com.br/comprar/sao-paulo-sp/chevrolet/onix/2013/d18857089
31900,2013,69000,https://www.icarros.com.br/comprar/sao-paulo-sp/chevrolet/onix/2013/d19788800
34500,2013,69000,https://www.icarros.com.br/comprar/chapeco-sc/chevrolet/onix/2013/d19465152
31900,2013,70167,https://www.icarros.com.br/comprar/curitiba-pr/chevrolet/onix/2013/d19391769
29890,2012,73000,https://www.icarros.com.br/comprar/sao-paulo-sp/chevrolet/onix/2013/d19470765
29700,2013,74500,https://www.icarros.com.br/comprar/campinas-sp/chevrolet/onix/2013/d19240939
33990,2012,76511,https://www.icarros.com.br/comprar/sao-paulo-sp/chevrolet/onix/2013/d19621585
29800,2013,77000,https://www.icarros.com.br/comprar/sao-paulo-sp/chevrolet/onix/2013/d19457849
30950,2012,78000,https://www.icarros.com.br/comprar/sao-paulo-sp/chevrolet/onix/2013/d19777857
32400,2013,80000,https://www.icarros.com.br/comprar/mogi-das-cruzes-sp/chevrolet/onix/2013/d18022626
31990,2013,91000,https://www.icarros.com.br/comprar/rio-claro-sp/chevrolet/onix/2013/d19530892
31900,2013,97868,https://www.icarros.com.br/comprar/ribeirao-preto-sp/chevrolet/onix/2013/d19753837
31900,2013,97868,https://www.icarros.com.br/comprar/ribeirao-preto-sp/chevrolet/onix/2013/d19753933
33900,2013,98000,https://www.icarros.com.br/comprar/guaratingueta-sp/chevrolet/onix/2013/d17782006
32990,2012,98972,https://www.icarros.com.br/comprar/campinas-sp/chevrolet/onix/2013/d19443277
29900,2012,99000,https://www.icarros.com.br/comprar/sao-paulo-sp/chevrolet/onix/2013/d19104388
31900,2013,102376,https://www.icarros.com.br/comprar/natal-rn/chevrolet/onix/2013/d18480545
26990,2013,110175,https://www.icarros.com.br/comprar/sao-paulo-sp/chevrolet/onix/2013/d19707365
30999,2013,132000,https://www.icarros.com.br/comprar/sao-paulo-sp/chevrolet/onix/2013/d19504252
26000,2013,137000,https://www.icarros.com.br/comprar/sao-paulo-sp/chevrolet/onix/2013/d19500024
29899,2013,145964,https://www.icarros.com.br/comprar/osasco-sp/chevrolet/onix/2013/d18766052
32913,2013,999999,https://www.icarros.com.br/comprar/sao-paulo-sp/chevrolet/onix/2013/d19777553
36660,2016,26181,https://www.icarros.com.br/comprar/sao-luis-ma/chevrolet/onix/2016/d19669206
35990,2015,62956,https://www.icarros.com.br/comprar/porto-alegre-rs/chevrolet/onix/2015/d15110230
34000,2014,65000,https://www.icarros.com.br/comprar/santos-sp/chevrolet/onix/2015/d15287603
35900,2013,98276,https://www.icarros.com.br/comprar/sao-paulo-sp/chevrolet/onix/2014/d19610789
32000,2013,36000,https://www.icarros.com.br/comprar/santo-andre-sp/chevrolet/onix/2013/d18042258
29900,2013,40451,https://www.icarros.com.br/comprar/curitiba-pr/chevrolet/onix/2013/d19611584
38990,2015,6000,https://www.icarros.com.br/comprar/rio-claro-sp/chevrolet/onix/2016/d18824476
32990,2015,13000,https://www.icarros.com.br/comprar/rio-de-janeiro-rj/chevrolet/onix/2016/d19563797
39000,2016,18175,https://www.icarros.com.br/comprar/bastos-sp/chevrolet/onix/2016/d13785287
35900,2016,21000,https://www.icarros.com.br/comprar/goiania-go/chevrolet/onix/2016/d18806951
36900,2015,22000,https://www.icarros.com.br/comprar/fortaleza-ce/chevrolet/onix/2016/d19611615
38500,2016,25500,https://www.icarros.com.br/comprar/bastos-sp/chevrolet/onix/2016/d13785629
37890,2016,27400,https://www.icarros.com.br/comprar/sao-jose-dos-campos-sp/chevrolet/onix/2016/d19703585
36490,2016,28661,https://www.icarros.com.br/comprar/ponta-grossa-pr/chevrolet/onix/2016/d19728384
36900,2015,30000,https://www.icarros.com.br/comprar/rio-de-janeiro-rj/chevrolet/onix/2016/d19504281
34900,2016,32925,https://www.icarros.com.br/comprar/joinville-sc/chevrolet/onix/2016/d19680256
37900,2016,33538,https://www.icarros.com.br/comprar/pedro-leopoldo-mg/chevrolet/onix/2016/d18575235
38500,2015,35137,https://www.icarros.com.br/comprar/cabedelo-pb/chevrolet/onix/2016/d19544527
35800,2016,37000,https://www.icarros.com.br/comprar/belo-horizonte-mg/chevrolet/onix/2016/d19702186
36900,2016,40000,https://www.icarros.com.br/comprar/sao-paulo-sp/chevrolet/onix/2016/d17579806
39900,2016,40742,https://www.icarros.com.br/comprar/sorocaba-sp/chevrolet/onix/2016/d19727676
35990,2016,43691,https://www.icarros.com.br/comprar/sao-paulo-sp/chevrolet/onix/2016/d18473583
39990,2015,45000,https://www.icarros.com.br/comprar/guarapuava-pr/chevrolet/onix/2016/d19717688
37900,2015,45500,https://www.icarros.com.br/comprar/sao-paulo-sp/chevrolet/onix/2016/d17089763
37900,2016,46256,https://www.icarros.com.br/comprar/porto-alegre-rs/chevrolet/onix/2016/d19117715
34900,2015,48224,https://www.icarros.com.br/comprar/florianopolis-sc/chevrolet/onix/2016/d19809272
34900,2015,48224,https://www.icarros.com.br/comprar/tijucas-sc/chevrolet/onix/2016/d19809276
34900,2015,48224,https://www.icarros.com.br/comprar/brusque-sc/chevrolet/onix/2016/d19809274
34900,2015,48224,https://www.icarros.com.br/comprar/joinville-sc/chevrolet/onix/2016/d19809271
34900,2015,48224,https://www.icarros.com.br/comprar/sao-bento-do-sul-sc/chevrolet/onix/2016/d19809273
34900,2015,48224,https://www.icarros.com.br/comprar/florianopolis-sc/chevrolet/onix/2016/d19809275
34900,2015,48224,https://www.icarros.com.br/comprar/florianopolis-sc/chevrolet/onix/2016/d19809270
34900,2015,48224,https://www.icarros.com.br/comprar/itajai-sc/chevrolet/onix/2016/d19809269
34900,2015,48224,https://www.icarros.com.br/comprar/sao-jose-sc/chevrolet/onix/2016/d19809268
39900,2016,50793,https://www.icarros.com.br/comprar/itajai-sc/chevrolet/onix/2016/d18949165
38900,2016,53000,https://www.icarros.com.br/comprar/juiz-de-fora-mg/chevrolet/onix/2016/d19615021
37890,2015,53975,https://www.icarros.com.br/comprar/sao-bernardo-do-campo-sp/chevrolet/onix/2016/d19732203
37890,2016,54126,https://www.icarros.com.br/comprar/sao-paulo-sp/chevrolet/onix/2016/d19182714
34900,2015,57705,https://www.icarros.com.br/comprar/mogi-das-cruzes-sp/chevrolet/onix/2016/d19590355
34900,2015,57705,https://www.icarros.com.br/comprar/suzano-sp/chevrolet/onix/2016/d19590356
34900,2015,57705,https://www.icarros.com.br/comprar/sao-paulo-sp/chevrolet/onix/2016/d19590358
34900,2015,59445,https://www.icarros.com.br/comprar/sao-jose-do-rio-preto-sp/chevrolet/onix/2016/d17382301
37990,2016,61000,https://www.icarros.com.br/comprar/santos-sp/chevrolet/onix/2016/d19531810
35900,2015,63000,https://www.icarros.com.br/comprar/sao-lourenco-mg/chevrolet/onix/2016/d19330871
37500,2015,63000,https://www.icarros.com.br/comprar/itajuba-mg/chevrolet/onix/2016/d19330870
34900,2016,63833,https://www.icarros.com.br/comprar/sao-bernardo-do-campo-sp/chevrolet/onix/2016/d19640417
37900,2015,69238,https://www.icarros.com.br/comprar/sao-goncalo-rj/chevrolet/onix/2016/d19730504
36900,2015,74000,https://www.icarros.com.br/comprar/araruama-rj/chevrolet/onix/2016/d19455792
35490,2016,75687,https://www.icarros.com.br/comprar/sao-paulo-sp/chevrolet/onix/2016/d19617087
35890,2015,77889,https://www.icarros.com.br/comprar/sao-paulo-sp/chevrolet/onix/2016/d18973247
34900,2014,100,https://www.icarros.com.br/comprar/colombo-pr/chevrolet/onix/2015/d19490438
36900,2015,12000,https://www.icarros.com.br/comprar/osasco-sp/chevrolet/onix/2015/d19153697
34900,2014,12951,https://www.icarros.com.br/comprar/rio-branco-do-sul-pr/chevrolet/onix/2015/d19634432
29900,2015,14259,https://www.icarros.com.br/comprar/rio-de-janeiro-rj/chevrolet/onix/2015/d19784349
34000,2014,19600,https://www.icarros.com.br/comprar/macae-rj/chevrolet/onix/2015/d19586319
37899,2015,19994,https://www.icarros.com.br/comprar/barretos-sp/chevrolet/onix/2015/d19089423
34700,2014,22000,https://www.icarros.com.br/comprar/ribeirao-preto-sp/chevrolet/onix/2015/d19315333
34900,2015,29000,https://www.icarros.com.br/comprar/rio-de-janeiro-rj/chevrolet/onix/2015/d19694351
35990,2014,29000,https://www.icarros.com.br/comprar/vila-velha-es/chevrolet/onix/2015/d19395437
35990,2014,31045,https://www.icarros.com.br/comprar/sao-joao-da-boa-vista-sp/chevrolet/onix/2015/d19576941
35950,2015,32500,https://www.icarros.com.br/comprar/recife-pe/chevrolet/onix/2015/d19087101
30900,2014,33131,https://www.icarros.com.br/comprar/rio-de-janeiro-rj/chevrolet/onix/2015/d18610115
32990,2015,34217,https://www.icarros.com.br/comprar/natal-rn/chevrolet/onix/2015/d18951857
36900,2015,35000,https://www.icarros.com.br/comprar/belem-pa/chevrolet/onix/2015/d19333005
34890,2014,36000,https://www.icarros.com.br/comprar/mogi-das-cruzes-sp/chevrolet/onix/2015/d19734691
32899,2015,38165,https://www.icarros.com.br/comprar/rio-de-janeiro-rj/chevrolet/onix/2015/d19036470
34900,2014,38177,https://www.icarros.com.br/comprar/sao-jose-sc/chevrolet/onix/2015/d19730357
34990,2014,38420,https://www.icarros.com.br/comprar/belo-horizonte-mg/chevrolet/onix/2015/d19068763
35990,2015,39891,https://www.icarros.com.br/comprar/sao-jose-dos-campos-sp/chevrolet/onix/2015/d19596618
35900,2015,40000,https://www.icarros.com.br/comprar/sao-paulo-sp/chevrolet/onix/2015/d19403226
34900,2014,42000,https://www.icarros.com.br/comprar/natal-rn/chevrolet/onix/2015/d18886688
35800,2014,42000,https://www.icarros.com.br/comprar/maringa-pr/chevrolet/onix/2015/d19496817
34990,2014,42300,https://www.icarros.com.br/comprar/mogi-das-cruzes-sp/chevrolet/onix/2015/d19734695
34990,2014,43088,https://www.icarros.com.br/comprar/recife-pe/chevrolet/onix/2015/d19080161
35800,2014,43901,https://www.icarros.com.br/comprar/guarulhos-sp/chevrolet/onix/2015/d17331461
35900,2015,45000,https://www.icarros.com.br/comprar/taboao-da-serra-sp/chevrolet/onix/2015/d19615721
37900,2014,48000,https://www.icarros.com.br/comprar/chapeco-sc/chevrolet/onix/2015/d19591374
36990,2014,49000,https://www.icarros.com.br/comprar/rio-de-janeiro-rj/chevrolet/onix/2015/d19468532
35000,2014,49391,https://www.icarros.com.br/comprar/fortaleza-ce/chevrolet/onix/2015/d19189578
32900,2015,49787,https://www.icarros.com.br/comprar/belo-horizonte-mg/chevrolet/onix/2015/d19803367
36900,2015,49800,https://www.icarros.com.br/comprar/vila-velha-es/chevrolet/onix/2015/d19280264
35990,2014,50473,https://www.icarros.com.br/comprar/recife-pe/chevrolet/onix/2015/d19619833
31900,2015,50590,https://www.icarros.com.br/comprar/rio-de-janeiro-rj/chevrolet/onix/2015/d19703796
35900,2014,51000,https://www.icarros.com.br/comprar/joinville-sc/chevrolet/onix/2015/d18592237
33900,2014,51600,https://www.icarros.com.br/comprar/carpina-pe/chevrolet/onix/2015/d18330409
33900,2014,51758,https://www.icarros.com.br/comprar/fortaleza-ce/chevrolet/onix/2015/d18909359
35990,2015,52130,https://www.icarros.com.br/comprar/curitiba-pr/chevrolet/onix/2015/d19523475
32899,2014,52430,https://www.icarros.com.br/comprar/rio-de-janeiro-rj/chevrolet/onix/2015/d17494605
33900,2015,53000,https://www.icarros.com.br/comprar/sao-lourenco-mg/chevrolet/onix/2015/d19330891
35000,2015,53000,https://www.icarros.com.br/comprar/itajuba-mg/chevrolet/onix/2015/d19330890
34990,2015,53942,https://www.icarros.com.br/comprar/recife-pe/chevrolet/onix/2015/d19702242
35899,2014,54000,https://www.icarros.com.br/comprar/sao-paulo-sp/chevrolet/onix/2015/d19078858
32950,2014,54746,https://www.icarros.com.br/comprar/sao-paulo-sp/chevrolet/onix/2015/d19549099
34990,2014,55000,https://www.icarros.com.br/comprar/recife-pe/chevrolet/onix/2015/d19773059
35990,2014,55826,https://www.icarros.com.br/comprar/porto-velho-ro/chevrolet/onix/2015/d19559941
35890,2015,56976,https://www.icarros.com.br/comprar/taubate-sp/chevrolet/onix/2015/d19615054
33990,2014,57000,https://www.icarros.com.br/comprar/sao-paulo-sp/chevrolet/onix/2015/d19514165
33900,2014,57100,https://www.icarros.com.br/comprar/sao-paulo-sp/chevrolet/onix/2015/d19194465
32980,2014,58031,https://www.icarros.com.br/comprar/recife-pe/chevrolet/onix/2015/d19400800
36990,2015,61500,https://www.icarros.com.br/comprar/sao-paulo-sp/chevrolet/onix/2015/d19263674
36900,2014,62500,https://www.icarros.com.br/comprar/sao-paulo-sp/chevrolet/onix/2015/d19773507
32990,2014,63000,https://www.icarros.com.br/comprar/jaboatao-dos-guararapes-pe/chevrolet/onix/2015/d19726655
29990,2014,63839,https://www.icarros.com.br/comprar/recife-pe/chevrolet/onix/2015/d19773380
36900,2014,64000,https://www.icarros.com.br/comprar/guaratingueta-sp/chevrolet/onix/2015/d19691668
35990,2015,65000,https://www.icarros.com.br/comprar/recife-pe/chevrolet/onix/2015/d18501490
35900,2015,65264,https://www.icarros.com.br/comprar/pedro-leopoldo-mg/chevrolet/onix/2015/d18388719
35900,2015,65500,https://www.icarros.com.br/comprar/itajai-sc/chevrolet/onix/2015/d19465269
34500,2014,66000,https://www.icarros.com.br/comprar/campinas-sp/chevrolet/onix/2015/d19743523
35490,2014,66124,https://www.icarros.com.br/comprar/santo-andre-sp/chevrolet/onix/2015/d18712216
34900,2014,68000,https://www.icarros.com.br/comprar/jundiai-sp/chevrolet/onix/2015/d19024670
34000,2014,68502,https://www.icarros.com.br/comprar/goiania-go/chevrolet/onix/2015/d19291943
32800,2014,69000,https://www.icarros.com.br/comprar/campo-grande-ms/chevrolet/onix/2015/d19599053
35900,2014,69000,https://www.icarros.com.br/comprar/nova-friburgo-rj/chevrolet/onix/2015/d18401589
33980,2015,69195,https://www.icarros.com.br/comprar/rio-de-janeiro-rj/chevrolet/onix/2015/d19191035
30980,2014,69296,https://www.icarros.com.br/comprar/rio-de-janeiro-rj/chevrolet/onix/2015/d19191053
34900,2014,72354,https://www.icarros.com.br/comprar/sao-paulo-sp/chevrolet/onix/2015/d19749834
34900,2014,72354,https://www.icarros.com.br/comprar/sao-paulo-sp/chevrolet/onix/2015/d19397312
36890,2014,73421,https://www.icarros.com.br/comprar/guarulhos-sp/chevrolet/onix/2015/d18982754
34900,2014,74691,https://www.icarros.com.br/comprar/angra-dos-reis-rj/chevrolet/onix/2015/d19776625
32900,2014,75970,https://www.icarros.com.br/comprar/carpina-pe/chevrolet/onix/2015/d17119589
35000,2014,76000,https://www.icarros.com.br/comprar/rio-verde-go/chevrolet/onix/2015/d18422829
33500,2015,77896,https://www.icarros.com.br/comprar/sao-bernardo-do-campo-sp/chevrolet/onix/2015/d16641827
34900,2014,78514,https://www.icarros.com.br/comprar/duque-de-caxias-rj/chevrolet/onix/2015/d19284227
37900,2015,81282,https://www.icarros.com.br/comprar/rio-do-sul-sc/chevrolet/onix/2015/d18887175
33900,2014,84222,https://www.icarros.com.br/comprar/goiania-go/chevrolet/onix/2015/d19211611
36990,2014,86000,https://www.icarros.com.br/comprar/campinas-sp/chevrolet/onix/2015/d19607510
36900,2014,88000,https://www.icarros.com.br/comprar/fortaleza-ce/chevrolet/onix/2015/d19546647
34990,2014,88626,https://www.icarros.com.br/comprar/sao-paulo-sp/chevrolet/onix/2015/d19696749
33900,2015,89415,https://www.icarros.com.br/comprar/sorocaba-sp/chevrolet/onix/2015/d19768719
32900,2014,99000,https://www.icarros.com.br/comprar/gravata-pe/chevrolet/onix/2015/d19120421
34990,2014,123250,https://www.icarros.com.br/comprar/brasilia-df/chevrolet/onix/2015/d18909156
38500,2014,20350,https://www.icarros.com.br/comprar/goiania-go/chevrolet/onix/2014/d11185806
37900,2013,20845,https://www.icarros.com.br/comprar/sao-bernardo-do-campo-sp/chevrolet/onix/2014/d19622936
33900,2013,21000,https://www.icarros.com.br/comprar/uberlandia-mg/chevrolet/onix/2014/d19751511
33990,2013,29000,https://www.icarros.com.br/comprar/mogi-das-cruzes-sp/chevrolet/onix/2014/d19734688
32900,2014,33000,https://www.icarros.com.br/comprar/rio-de-janeiro-rj/chevrolet/onix/2014/d18499338
28490,2013,35000,https://www.icarros.com.br/comprar/sao-paulo-sp/chevrolet/onix/2014/d19580019
33900,2014,36127,https://www.icarros.com.br/comprar/curitiba-pr/chevrolet/onix/2014/d19171353
34900,2013,37000,https://www.icarros.com.br/comprar/belo-horizonte-mg/chevrolet/onix/2014/d19127865
34990,2014,37472,https://www.icarros.com.br/comprar/sao-leopoldo-rs/chevrolet/onix/2014/d19700425
34990,2014,37472,https://www.icarros.com.br/comprar/taquara-rs/chevrolet/onix/2014/d19700428
34990,2014,37472,https://www.icarros.com.br/comprar/novo-hamburgo-rs/chevrolet/onix/2014/d19700426
34990,2014,37472,https://www.icarros.com.br/comprar/osorio-rs/chevrolet/onix/2014/d19700427
34990,2014,37472,https://www.icarros.com.br/comprar/pelotas-rs/chevrolet/onix/2014/d19700435
34990,2014,37472,https://www.icarros.com.br/comprar/canoas-rs/chevrolet/onix/2014/d19700432
34990,2014,37472,https://www.icarros.com.br/comprar/porto-alegre-rs/chevrolet/onix/2014/d19700424
34990,2014,37472,https://www.icarros.com.br/comprar/novo-hamburgo-rs/chevrolet/onix/2014/d19700433
34990,2014,37472,https://www.icarros.com.br/comprar/curitiba-pr/chevrolet/onix/2014/d19700430
34990,2014,37472,https://www.icarros.com.br/comprar/porto-alegre-rs/chevrolet/onix/2014/d19700429
34990,2014,37472,https://www.icarros.com.br/comprar/curitiba-pr/chevrolet/onix/2014/d19700437
36900,2013,39000,https://www.icarros.com.br/comprar/guaruja-sp/chevrolet/onix/2014/d17184400
34900,2013,42000,https://www.icarros.com.br/comprar/vazante-mg/chevrolet/onix/2014/d18391087
33990,2013,42730,https://www.icarros.com.br/comprar/belo-horizonte-mg/chevrolet/onix/2014/d19326159
35900,2013,43585,https://www.icarros.com.br/comprar/sao-paulo-sp/chevrolet/onix/2014/d19670679
29900,2014,45000,https://www.icarros.com.br/comprar/sao-paulo-sp/chevrolet/onix/2014/d18375875
33990,2014,46300,https://www.icarros.com.br/comprar/sao-paulo-sp/chevrolet/onix/2014/d19769572
33500,2014,47400,https://www.icarros.com.br/comprar/embu-das-artes-sp/chevrolet/onix/2014/d18635106
32990,2013,48000,https://www.icarros.com.br/comprar/recife-pe/chevrolet/onix/2014/d18855819
32990,2014,49000,https://www.icarros.com.br/comprar/fortaleza-ce/chevrolet/onix/2014/d19346361
33990,2014,49000,https://www.icarros.com.br/comprar/belo-horizonte-mg/chevrolet/onix/2014/d17995561
35900,2014,49000,https://www.icarros.com.br/comprar/registro-sp/chevrolet/onix/2014/d18971538
31990,2014,49912,https://www.icarros.com.br/comprar/natal-rn/chevrolet/onix/2014/d19354211
